{"stats":{"minecraft:mined":{"minecraft:crafting_table":1,"minecraft:grass":1,"minecraft:grass_block":10,"minecraft:oak_log":5,"minecraft:dirt":11,"minecraft:stone":14,"minecraft:oak_leaves":1},"minecraft:picked_up":{"minecraft:stick":4,"minecraft:crafting_table":1,"minecraft:oak_log":116,"minecraft:dirt":21,"minecraft:rotten_flesh":2,"minecraft:apple":1,"minecraft:oak_sapling":6,"minecraft:mutton":3,"minecraft:white_wool":2,"minecraft:cobblestone":22},"minecraft:crafted":{"minecraft:oak_planks":20,"minecraft:crafting_table":1,"minecraft:stick":12,"minecraft:wooden_pickaxe":1,"minecraft:stone_pickaxe":1,"minecraft:stone_axe":2},"minecraft:used":{"minecraft:bread":4,"minecraft:wooden_pickaxe":14,"minecraft:stone_axe":35,"minecraft:crafting_table":1,"alexsmobs:animal_dictionary":3},"minecraft:broken":{"minecraft:stone_axe":1},"minecraft:custom":{"minecraft:time_since_rest":2562,"minecraft:sprint_one_cm":79326,"minecraft:damage_taken":531,"minecraft:walk_one_cm":63529,"minecraft:mob_kills":5,"minecraft:drop":3,"minecraft:damage_dealt":786,"minecraft:swim_one_cm":3116,"minecraft:interact_with_crafting_table":5,"minecraft:fly_one_cm":54677,"minecraft:open_chest":6,"minecraft:play_time":21673,"tombstone:undead_killed":2,"minecraft:deaths":1,"minecraft:walk_under_water_one_cm":447,"minecraft:jump":259,"minecraft:leave_game":1,"minecraft:walk_on_water_one_cm":847,"minecraft:time_since_death":2630,"minecraft:sleep_in_bed":1,"minecraft:total_world_time":21673,"minecraft:fall_one_cm":6965},"minecraft:dropped":{"minecraft:oak_log":7,"minecraft:cobblestone":12},"minecraft:killed":{"minecraft:sheep":2,"minecraft:zombie":2}},"DataVersion":3465}