{"stats":{"minecraft:mined":{"minecraft:iron_ore":22,"minecraft:torch":2,"minecraft:grass":1,"minecraft:acacia_log":1,"minecraft:coal_ore":22,"minecraft:grass_block":1,"minecraft:oak_log":4,"minecraft:dirt":5,"minecraft:stone":94,"minecraft:sugar_cane":6,"minecraft:wall_torch":1},"minecraft:picked_up":{"minecraft:raw_iron":22,"minecraft:torch":5,"minecraft:acacia_log":1,"minecraft:oak_log":28,"minecraft:dirt":6,"minecraft:sugar_cane":17,"minecraft:coal":22,"minecraft:cobblestone":94},"minecraft:crafted":{"minecraft:oak_planks":112,"minecraft:crafting_table":3,"minecraft:stick":8,"minecraft:wooden_pickaxe":1,"minecraft:stone_pickaxe":1,"minecraft:wooden_axe":1,"minecraft:acacia_planks":4,"minecraft:torch":4},"minecraft:used":{"minecraft:wooden_axe":1,"minecraft:stone_pickaxe":117,"minecraft:wooden_pickaxe":23,"minecraft:torch":5,"minecraft:dirt":4,"minecraft:cobblestone":4,"minecraft:crafting_table":3,"alexsmobs:animal_dictionary":3},"minecraft:custom":{"minecraft:time_since_rest":16765,"minecraft:sprint_one_cm":21727,"minecraft:damage_taken":485,"minecraft:walk_one_cm":25958,"minecraft:drop":1,"minecraft:damage_dealt":24,"minecraft:interact_with_crafting_table":3,"minecraft:fly_one_cm":47469,"minecraft:open_barrel":1,"minecraft:crouch_one_cm":153,"minecraft:play_time":19962,"minecraft:deaths":1,"minecraft:sneak_time":72,"minecraft:jump":222,"minecraft:leave_game":3,"minecraft:walk_on_water_one_cm":671,"minecraft:time_since_death":18242,"minecraft:sleep_in_bed":1,"minecraft:total_world_time":19962,"minecraft:fall_one_cm":8552},"minecraft:dropped":{"minecraft:torch":2}},"DataVersion":3465}