{"stats":{"minecraft:mined":{"minecraft:grass_block":5,"minecraft:oak_log":1,"minecraft:dirt":8,"minecraft:stone":10},"minecraft:picked_up":{"minecraft:stick":6,"minecraft:oak_log":11,"minecraft:oak_sapling":12,"minecraft:dirt":13,"minecraft:cobblestone":16},"minecraft:crafted":{"minecraft:oak_planks":40,"minecraft:crafting_table":1,"minecraft:stone_pickaxe":1},"minecraft:used":{"minecraft:crafting_table":1,"minecraft:stone_pickaxe":28,"alexsmobs:animal_dictionary":1},"minecraft:custom":{"minecraft:time_since_rest":84,"minecraft:crouch_one_cm":259,"minecraft:deaths":1,"minecraft:play_time":10785,"minecraft:damage_taken":250,"minecraft:walk_one_cm":70111,"minecraft:sneak_time":27,"minecraft:walk_under_water_one_cm":510,"minecraft:drop":1,"minecraft:jump":101,"minecraft:damage_dealt":96,"minecraft:time_since_death":1996,"minecraft:leave_game":2,"minecraft:walk_on_water_one_cm":2092,"minecraft:total_world_time":10785,"minecraft:fly_one_cm":473,"minecraft:interact_with_crafting_table":1,"minecraft:fall_one_cm":627},"minecraft:dropped":{"minecraft:cobblestone":2}},"DataVersion":3465}