{
  "takesapillage:root": {
    "criteria": {
      "always": "2024-06-11 22:48:34 +0000"
    },
    "done": true
  },
  "create:root": {
    "criteria": {
      "0": "2024-06-11 22:48:34 +0000"
    },
    "done": true
  },
  "minecraft:recipes/decorations/crafting_table": {
    "criteria": {
      "unlock_right_away": "2024-06-11 22:48:34 +0000"
    },
    "done": true
  },
  "naturalist:recipes/food/cooked_egg": {
    "criteria": {
      "has_eggs": "2024-06-11 22:48:34 +0000"
    },
    "done": true
  },
  "minecraft:adventure/adventuring_time": {
    "criteria": {
      "minecraft:forest": "2024-06-11 22:48:34 +0000",
      "minecraft:savanna": "2024-06-11 22:59:06 +0000",
      "minecraft:plains": "2024-06-11 22:58:48 +0000"
    },
    "done": false
  },
  "tombstone:adventure/root": {
    "criteria": {
      "auto": "2024-06-11 22:48:34 +0000"
    },
    "done": true
  },
  "mca:root": {
    "criteria": {
      "village_plains": "2024-06-11 22:59:03 +0000"
    },
    "done": true
  },
  "DataVersion": 3465
}